Name,CPU,Ranking,Health,Mass,Health/CPU,CPU/Health,Mass/CPU,Health/Mass,Cooldown,Restore,
T3 Weapon Energy Module,150,"15,000","123,750",450,825.00,0.001212,3.00,275.00,30.0,"6,275",
T3 Disc Shield Module,205,"20,500","169,125",615,825.00,0.001212,3.00,275.00,30.0,
T3 Blink Module,200,"20,000","165,000",600,825.00,0.001212,3.00,275.00,25.0,EPS,Deplete,
T3 Ghost Module,230,"23,000","189,750",690,825.00,0.001212,3.00,275.00,10.0,810,15.49,
T3 EMP Module,175,"17,500","144,375",525,825.00,0.001212,3.00,275.00,30.0,Active,
T3 Windowmaker Module,100,"10,000","130,000",300,"1,300.00",0.000769,3.00,433.33,20.0,10,
